jovanj|jova156|Jovan|Jovanovic|789000|jova@gmail.com|1|
kiki|kiki34|Kiki|Kikic|34567|kiki@gmail.com|1|
mimi|mimi|Mimi|Mimic|222333|mimi@gmail.com|1|
kiki|kiki|Kiki|Kikic|555555|kiki@gmail.com|1|
gigi|gigi|gigi|gigic|8787878|gigi@gmail.com|1|
toni|toni789|Toni|Ristic|5656565|toni@gmail.com|1|
lili|lili2|Lili|Lilic||lili@gmail.com|1|
